Top pages,Clicks,Impressions,CTR,Position
https://led-sign.ca/,204,14179,1.44%,19.31
https://led-sign.ca/product-tag/outdoor-led-screen/,66,9888,0.67%,15.71
https://led-sign.ca/support/,64,6927,0.92%,7.17
https://led-sign.ca/product/custom-t-shirt/,39,5246,0.74%,29.2
https://led-sign.ca/product/bag-lawn-signs-yard-signs-by-rgb-sign-print/,29,3052,0.95%,23.88
https://led-sign.ca/product/pylon-signs-and-all-about-pylon-signs-buy/,13,2086,0.62%,15.58
https://led-sign.ca/quote-rental-industrial-led-displays-rgb-sign-print/,9,928,0.97%,6.97
https://led-sign.ca/product/led-poster-smart-led-poster-1-416-8388994/,6,573,1.05%,9.67
https://led-sign.ca/about-us-citylight-group-citylight-sign/,6,201,2.99%,14.28
https://led-sign.ca/projects/,5,941,0.53%,23.84
https://led-sign.ca/product/led-channel-letters/,4,1983,0.2%,56.02
https://led-sign.ca/product/full-color-led-display-screen/,4,1601,0.25%,26.84
https://led-sign.ca/install-led-channel/,4,214,1.87%,10.75
https://led-sign.ca/product/indoor-full-color-led-display-indoor4168388994/,4,162,2.47%,24.21
https://led-sign.ca/product/front-store-signs-and-all-about-front-store/,3,1625,0.18%,36.79
https://led-sign.ca/product/single-color-programable-led-sign-led-screen/,3,1119,0.27%,22.61
https://led-sign.ca/product/light-box-sign-custom-signage-services/,3,949,0.32%,35.93
https://led-sign.ca/product/car-magnet-signs-led-signs-toronto/,3,440,0.68%,43.78
https://led-sign.ca/led-channel-letter/,3,139,2.16%,15.05
https://led-sign.ca/product/full-color-programmable-led-display/,2,1959,0.1%,18.58
https://led-sign.ca/product/light-box-sign-led-backlight-sign-illuminated/,2,1036,0.19%,37.59
https://led-sign.ca/product/full-color-led-scrolling-sign/,2,618,0.32%,15.45
https://led-sign.ca/product/banners-vinyl-fabric-mesh-rull-up-retractable/,1,2417,0.04%,33.78
https://led-sign.ca/product/programmable-led-signs/,1,600,0.17%,17.71
https://led-sign.ca/product/full-color-custom-led-sign-board/,1,330,0.3%,17.29
https://led-sign.ca/product-tag/custom-plaza-pylon-signs/,1,249,0.4%,30.25
https://led-sign.ca/product/real-estate-signs-all-about-real-estate-signs/,1,162,0.62%,14.95
https://led-sign.ca/product-tag/cladding-pylon-sign/,1,88,1.14%,9.66
https://led-sign.ca/product/full-color-digital-display-screen/,1,79,1.27%,23.18
https://led-sign.ca/product-tag/led-poster-display/,1,69,1.45%,26.88
https://led-sign.ca/product-tag/pylon-school-sign/,1,49,2.04%,11.96
https://led-sign.ca/billboards-and-their-impact-on-business/,1,10,10%,14.9
https://led-sign.ca/product/car-wrap/,0,1272,0%,20.28
https://led-sign.ca/product-category/led-signs/,0,461,0%,23.09
https://led-sign.ca/product/flyer/,0,225,0%,7.85
https://led-sign.ca/product-tag/plaza-pylon-sign/,0,210,0%,20.64
https://led-sign.ca/product-category/printing/,0,193,0%,8.65
https://led-sign.ca/product-category/custom-signs/,0,148,0%,16.21
https://led-sign.ca/product-tag/digital-signage/,0,143,0%,58.84
https://led-sign.ca/contact-rgb-sign-screen-sign-for-store-citylight-group/,0,128,0%,40.54
https://led-sign.ca/why-programmable-led-signs/,0,120,0%,29.64
https://led-sign.ca/product-tag/pylon-signs-in-toronto/,0,115,0%,13.35
https://led-sign.ca/product-tag/mall-pylon-sign/,0,70,0%,11.74
https://led-sign.ca/product/full-color-outdoor-led-sign/,0,68,0%,20.79
https://led-sign.ca/product/neon-led-signs-neon-sign-led-sign/,0,55,0%,14.4
https://led-sign.ca/product-tag/led-channel-letter/,0,52,0%,18.35
https://led-sign.ca/product-tag/best-pylon-signs-toronto/,0,50,0%,20.62
https://led-sign.ca/product-tag/led-light-box/,0,50,0%,36.1
https://led-sign.ca/product-tag/pylon-sign-board/,0,42,0%,17.62
https://led-sign.ca/product/business-card-custom-design-toronto-4168388994/,0,40,0%,20.25
https://led-sign.ca/mesh/,0,39,0%,7.67
https://led-sign.ca/product-tag/fabric-banners/,0,38,0%,31.34
https://led-sign.ca/product/brochure-printing-design-4168388994/,0,33,0%,11.42
https://led-sign.ca/products-led-sign-board/,0,33,0%,11.45
https://led-sign.ca/full-color-led-display-screen-citylight-sign/,0,30,0%,11.2
https://led-sign.ca/product-tag/high-large-led-screen/,0,30,0%,34.5
https://led-sign.ca/product-tag/pylon-signs-toronto/,0,27,0%,12.44
https://led-sign.ca/product-tag/business-card/,0,25,0%,11.28
https://led-sign.ca/product-tag/pylon-sign/,0,20,0%,71.9
https://led-sign.ca/product-tag/pylon-sign-construction/,0,19,0%,35.74
https://led-sign.ca/why-business-cards/,0,16,0%,7.06
https://led-sign.ca/product-tag/rull-up-retractable-banners/,0,16,0%,8.62
https://led-sign.ca/wp-content/uploads/2022/03/Capture-2.png,0,13,0%,13.92
https://led-sign.ca/product-tag/hanging-banners/,0,12,0%,17.42
https://led-sign.ca/product-tag/business-card-silk-lamination/,0,12,0%,31.67
https://led-sign.ca/product-tag/custom-pylon-signs/,0,10,0%,24.4
https://led-sign.ca/product-tag/indoor-led-display-full-color/,0,6,0%,18.83
https://led-sign.ca/product-tag/pylon/,0,5,0%,9.8
https://led-sign.ca/product-tag/business-card-soft-touch/,0,4,0%,13.75
https://led-sign.ca/6901-2/,0,3,0%,5
https://led-sign.ca/product-tag/led-single-color/,0,3,0%,5
https://led-sign.ca/product-tag/vinyl-banners/,0,3,0%,25.33
https://led-sign.ca/product-tag/signs/,0,2,0%,2
https://led-sign.ca/product-tag/pylon-sign-design/,0,2,0%,7
https://led-sign.ca/wp-content/uploads/2022/03/mall-pylon-sign.png,0,2,0%,9
https://led-sign.ca/product-tag/magnet-cards/,0,2,0%,10.5
https://led-sign.ca/products-led-sign-board/page/2/,0,2,0%,21
https://led-sign.ca/wp-content/uploads/2022/02/Custom-LED-Sign-Board.png,0,2,0%,21.5
https://led-sign.ca/wp-content/uploads/2022/03/2.png,0,2,0%,22
https://led-sign.ca/wp-content/uploads/2021/05/steel-channel-letters.jpg,0,2,0%,28
https://led-sign.ca/wp-content/uploads/2022/05/t-shirt.jpg,0,2,0%,28.5
https://led-sign.ca/wp-content/uploads/2022/02/LED-Scrolling-Sign.jpg,0,2,0%,30
https://led-sign.ca/wp-content/uploads/2022/03/custom-plaza-pylon-signs.png,0,1,0%,2
https://led-sign.ca/product-tag/lightbox-framed/,0,1,0%,3
https://led-sign.ca/wp-content/uploads/2023/01/IMG_20220511_102408_660-1024x576.webp,0,1,0%,3
https://led-sign.ca/product-tag/pylon-signage/,0,1,0%,4
https://led-sign.ca/why-roll-up-banners/,0,1,0%,4
https://led-sign.ca/product-tag/indoor-signage/,0,1,0%,6
https://led-sign.ca/product-tag/printing/,0,1,0%,9
https://led-sign.ca/product-tag/business-card-spot-uv/,0,1,0%,11
https://led-sign.ca/product-tag/pylon-signs-in-greater-toronto-area/,0,1,0%,12
https://led-sign.ca/wp-content/uploads/2022/02/Custom-LED-Sign-Board-1-300x300.jpg,0,1,0%,14
https://led-sign.ca/wp-content/uploads/2022/03/LED-channel-Letter.png,0,1,0%,19
https://led-sign.ca/wp-content/uploads/2020/08/single-color-led-display-board-500x500-1.jpg,0,1,0%,20
https://led-sign.ca/wp-content/uploads/2022/02/LED-Scrolling-Sign-4-300x300.png,0,1,0%,20
https://led-sign.ca/wp-content/uploads/2022/02/Lightbox-sign.jpg,0,1,0%,23
https://led-sign.ca/wp-content/uploads/2022/02/LED-Scrolling-Sign-2n-e1645834401863.jpg,0,1,0%,30
https://led-sign.ca/product-tag/gold-foil-velvet/,0,1,0%,33
https://led-sign.ca/wp-content/uploads/2018/06/Light-box-sign.jpg,0,1,0%,69